{"params": [500, 1700, 2500], "w": [500, 1700, 2500], "overlap_rate": [0.3957013542307197, 0.49576553430392994, 0.1510427911395138], "true_positive_rate": [0.5097262645986074, 0.6129411764705882, 0.6996], "false_discovery_rate": [0.3611534376875837, 0.2782933924366256, 0.8384817841806345], "sse": [703781.33637253, 225.0136428968506, 29.161983437523915], "nrmse": [0.10590391317913551, 0.0016109975378196648, 0.001080036729699947], "n_matches": [251, 30, 4], "run_time": [15.905837774276733, 18.8175151348114, 22.853666305541992]}