{"params": [500, 1700, 2500], "w": [500, 1700, 2500], "overlap_rate": [0.6084359214784791, 0.8476638260358507, 0.15124163247678687], "true_positive_rate": [0.6381922302066975, 0.8484117647058823, 0.7004], "false_discovery_rate": [0.07117791014452601, 0.00103892505887242, 0.8382970863923904], "sse": [169764.4201156349, 691.5232983879213, 29.162183098924885], "nrmse": [0.05024318853620393, 0.002824189666242386, 0.0010800404270012282], "run_time": [56.08301138877869, 34.633050203323364, 41.252951860427856], "n_matches": [269, 30, 4]}