{"params": [400, 750, 1200], "w": [400, 750, 1200], "overlap_rate": [0.23985699457963325, 0.9973027802111669, 0.06963656175886161], "true_positive_rate": [0.996072796934866, 0.9985227928447779, 0.13538369513745233], "false_discovery_rate": [0.759915962506349, 0.0012236228471164058, 0.8745902017823337], "sse": [988.5173489592283, 909.1012795546178, 21977.65064419065], "nrmse": [0.013391149132716156, 0.003694530351463343, 0.0069389045115456375], "n_matches": [20, 30, 22], "run_time": [138.3944447040558, 131.11378860473633, 85.84136605262756]}